STAID,Q10,Q25,Q50,Q75,Q90,min,max
,,,,,,,
,,,,,,,
,,,,,,,
,,,,,,,
,,,,,,,
,,,,,,,
,,,,,,,
,,,,,,,
,,,,,,,
,,,,,,,
,,,,,,,
,,,,,,,
,,,,,,,
,,,,,,,
,,,,,,,
,,,,,,,
,,,,,,,
,,,,,,,
,,,,,,,
,,,,,,,
,,,,,,,
,,,,,,,
,,,,,,,
,,,,,,,
,,,,,,,
,,,,,,,
,,,,,,,
,,,,,,,
,,,,,,,
,,,,,,,
,,,,,,,
,,,,,,,
,,,,,,,
,,,,,,,
,,,,,,,
,,,,,,,
,,,,,,,
,,,,,,,
,,,,,,,
,,,,,,,
,,,,,,,
,,,,,,,
,,,,,,,
,,,,,,,
,,,,,,,
,,,,,,,
,,,,,,,
,,,,,,,
,,,,,,,
,,,,,,,
,,,,,,,
,,,,,,,
02323592,3290,4460,6700,10800,16700,1920,30200
,,,,,,,
,,,,,,,
,,,,,,,
,,,,,,,
,,,,,,,
,,,,,,,
,,,,,,,
,,,,,,,
01354500,1460,2300,4500,8240,13740.0000000001,782,31794
,,,,,,,
,,,,,,,
,,,,,,,
,,,,,,,
,,,,,,,
,,,,,,,
,,,,,,,
,,,,,,,
,,,,,,,
,,,,,,,
,,,,,,,
,,,,,,,
,,,,,,,
,,,,,,,
,,,,,,,
,,,,,,,
,,,,,,,
,,,,,,,
,,,,,,,
,,,,,,,
,,,,,,,
,,,,,,,
,,,,,,,
,,,,,,,
,,,,,,,
,,,,,,,
,,,,,,,
,,,,,,,
,,,,,,,
,,,,,,,
,,,,,,,
,,,,,,,
,,,,,,,
,,,,,,,
,,,,,,,
,,,,,,,
,,,,,,,
01347000,1000,1370,2210,3720,6090,702,12900
,,,,,,,
,,,,,,,
,,,,,,,
,,,,,,,
,,,,,,,
,,,,,,,
,,,,,,,
,,,,,,,
,,,,,,,
,,,,,,,
,,,,,,,
,,,,,,,
,,,,,,,
,,,,,,,
,,,,,,,
,,,,,,,
,,,,,,,
,,,,,,,
,,,,,,,
,,,,,,,
,,,,,,,
,,,,,,,
,,,,,,,
,,,,,,,
,,,,,,,
,,,,,,,
,,,,,,,
,,,,,,,
,,,,,,,
,,,,,,,
,,,,,,,
,,,,,,,
,,,,,,,
,,,,,,,
,,,,,,,
,,,,,,,
,,,,,,,
,,,,,,,
,,,,,,,
,,,,,,,
,,,,,,,
,,,,,,,
02234500,159.6,825,1690,3160,5210,-962.24,10800
,,,,,,,
,,,,,,,
,,,,,,,
,,,,,,,
,,,,,,,
,,,,,,,
,,,,,,,
,,,,,,,
,,,,,,,
,,,,,,,
,,,,,,,
,,,,,,,
,,,,,,,
,,,,,,,
,,,,,,,
02276877,-216,-14.075,52.1,328,1170,-1340,4627.39999999998
,,,,,,,
,,,,,,,
,,,,,,,
,,,,,,,
,,,,,,,
,,,,,,,
,,,,,,,
,,,,,,,
,,,,,,,
,,,,,,,
,,,,,,,
,,,,,,,
,,,,,,,
,,,,,,,
,,,,,,,
,,,,,,,
,,,,,,,
,,,,,,,
,,,,,,,
,,,,,,,
,,,,,,,
,,,,,,,
,,,,,,,
,,,,,,,
02244040,-1180,1790,4730,8060,11600,-9659.4,19194.0000000001
,,,,,,,
,,,,,,,
,,,,,,,
,,,,,,,
,,,,,,,
,,,,,,,
,,,,,,,
,,,,,,,
,,,,,,,
,,,,,,,
,,,,,,,
,,,,,,,
,,,,,,,
,,,,,,,
,,,,,,,
,,,,,,,
,,,,,,,
,,,,,,,
,,,,,,,
,,,,,,,
,,,,,,,
,,,,,,,
,,,,,,,
,,,,,,,
,,,,,,,
,,,,,,,
,,,,,,,
,,,,,,,
,,,,,,,
,,,,,,,
,,,,,,,
,,,,,,,
,,,,,,,
,,,,,,,
,,,,,,,
01357500,1240,2050,3920,7590,14100,584.3,35653.9999999999
,,,,,,,
,,,,,,,
,,,,,,,
,,,,,,,
,,,,,,,
,,,,,,,
,,,,,,,
,,,,,,,
,,,,,,,
,,,,,,,
,,,,,,,
,,,,,,,
,,,,,,,
,,,,,,,
,,,,,,,
,,,,,,,
,,,,,,,
,,,,,,,
02313250,554,710,980,1320,1440,358,1580
,,,,,,,
,,,,,,,
,,,,,,,
,,,,,,,
,,,,,,,
,,,,,,,
,,,,,,,
,,,,,,,
,,,,,,,
,,,,,,,
,,,,,,,
,,,,,,,
,,,,,,,
,,,,,,,
,,,,,,,
,,,,,,,
,,,,,,,
,,,,,,,
,,,,,,,
,,,,,,,
,,,,,,,
,,,,,,,
01102345,2.87,7.715,20.6,42,72.6,0.8,180.27
,,,,,,,
,,,,,,,
,,,,,,,
,,,,,,,
,,,,,,,
,,,,,,,
,,,,,,,
,,,,,,,
,,,,,,,
,,,,,,,
,,,,,,,
,,,,,,,
,,,,,,,
,,,,,,,
,,,,,,,
,,,,,,,
02313250,554,710,980,1320,1440,358,1580
,,,,,,,
,,,,,,,
,,,,,,,
,,,,,,,
,,,,,,,
,,,,,,,
,,,,,,,
,,,,,,,
,,,,,,,
,,,,,,,
,,,,,,,
,,,,,,,
,,,,,,,
,,,,,,,
,,,,,,,
,,,,,,,
,,,,,,,
,,,,,,,
,,,,,,,
,,,,,,,
,,,,,,,
,,,,,,,
,,,,,,,
,,,,,,,
,,,,,,,
,,,,,,,
,,,,,,,
,,,,,,,
,,,,,,,
,,,,,,,
,,,,,,,
,,,,,,,
,,,,,,,
,,,,,,,
,,,,,,,
,,,,,,,
,,,,,,,
,,,,,,,
,,,,,,,
,,,,,,,
,,,,,,,
,,,,,,,
,,,,,,,
,,,,,,,
,,,,,,,
,,,,,,,
,,,,,,,
,,,,,,,
,,,,,,,
,,,,,,,
,,,,,,,
,,,,,,,
,,,,,,,
,,,,,,,
,,,,,,,
,,,,,,,
,,,,,,,
,,,,,,,
,,,,,,,
,,,,,,,
,,,,,,,
,,,,,,,
,,,,,,,
,,,,,,,
,,,,,,,
,,,,,,,
,,,,,,,
,,,,,,,
,,,,,,,
02244040,-1180,1790,4730,8060,11600,-9659.4,19194.0000000001
,,,,,,,
,,,,,,,
,,,,,,,
,,,,,,,
,,,,,,,
,,,,,,,
,,,,,,,
,,,,,,,
,,,,,,,
,,,,,,,
,,,,,,,
,,,,,,,
,,,,,,,
,,,,,,,
,,,,,,,
,,,,,,,
,,,,,,,
,,,,,,,
,,,,,,,
,,,,,,,
,,,,,,,
,,,,,,,
,,,,,,,
,,,,,,,
,,,,,,,
,,,,,,,
,,,,,,,
,,,,,,,
,,,,,,,
,,,,,,,
,,,,,,,
,,,,,,,
,,,,,,,
,,,,,,,
,,,,,,,
,,,,,,,
,,,,,,,
,,,,,,,
,,,,,,,
,,,,,,,
01460440,109.7,128,140,148,154,32.348,164
,,,,,,,
02246500,-10400,-1480,7490,15900,23900,-32026,43726
,,,,,,,
,,,,,,,
,,,,,,,
,,,,,,,
,,,,,,,
,,,,,,,
,,,,,,,
01060000,41,61,125,279,597,24.4,2190
,,,,,,,
,,,,,,,
,,,,,,,
,,,,,,,
,,,,,,,
,,,,,,,
,,,,,,,
02310750,229,411,625,859.5,1080,-476.3,1720
,,,,,,,
,,,,,,,
,,,,,,,
,,,,,,,
,,,,,,,
01105583,1.54,9.7175,30.3,63.125,114,0.23,288.41
,,,,,,,
,,,,,,,
,,,,,,,
,,,,,,,
,,,,,,,
,,,,,,,
02292010,-31.76,146.75,580.5,1340,2503,-694.62,6443.3
,,,,,,,
,,,,,,,
,,,,,,,
,,,,,,,
,,,,,,,
,,,,,,,
,,,,,,,
,,,,,,,
,,,,,,,
,,,,,,,
,,,,,,,
,,,,,,,
,,,,,,,
,,,,,,,
,,,,,,,
,,,,,,,
,,,,,,,
,,,,,,,
02276877,-216,-14.075,52.1,328,1170,-1340,4627.39999999998
,,,,,,,
,,,,,,,
,,,,,,,
,,,,,,,
02292900,2.3,163,1000,2520,5320,0,11200
,,,,,,,
,,,,,,,
,,,,,,,
,,,,,,,
,,,,,,,
,,,,,,,
,,,,,,,
,,,,,,,
,,,,,,,
,,,,,,,
,,,,,,,
,,,,,,,
,,,,,,,
,,,,,,,
02243960,429,575,913,1420,2310,220.04,4570
,,,,,,,
,,,,,,,
,,,,,,,
,,,,,,,
,,,,,,,
,,,,,,,
,,,,,,,
,,,,,,,
,,,,,,,
,,,,,,,
,,,,,,,
,,,,,,,
,,,,,,,
,,,,,,,
,,,,,,,
,,,,,,,
,,,,,,,
,,,,,,,
,,,,,,,
,,,,,,,
,,,,,,,
,,,,,,,
,,,,,,,
,,,,,,,
,,,,,,,
,,,,,,,
,,,,,,,
,,,,,,,
,,,,,,,
,,,,,,,
,,,,,,,
,,,,,,,
,,,,,,,
,,,,,,,
,,,,,,,
,,,,,,,
,,,,,,,
,,,,,,,
,,,,,,,
,,,,,,,
,,,,,,,
,,,,,,,
,,,,,,,
,,,,,,,
,,,,,,,
,,,,,,,
,,,,,,,
,,,,,,,
01358000,4690,6700,11600,19300,30500,3060,66000
02171500,508,556,637,707,1048.00000000001,443.62,29100
02091814,793.5,1230,2650,5550,9360,451,20825
,,,,,,,
,,,,,,,
,,,,,,,
,,,,,,,
,,,,,,,
,,,,,,,
,,,,,,,
,,,,,,,
,,,,,,,
,,,,,,,
,,,,,,,
,,,,,,,
,,,,,,,
,,,,,,,
,,,,,,,
01170500,3770,6740,11400,20100,33790,1910,68409
,,,,,,,
,,,,,,,
,,,,,,,
,,,,,,,
,,,,,,,
,,,,,,,
02105500,916,1230,2270,5630,12200,549,25500
,,,,,,,
,,,,,,,
,,,,,,,
,,,,,,,
,,,,,,,
,,,,,,,
,,,,,,,
,,,,,,,
,,,,,,,
,,,,,,,
,,,,,,,
,,,,,,,
,,,,,,,
,,,,,,,
,,,,,,,
,,,,,,,
,,,,,,,
,,,,,,,
,,,,,,,
,,,,,,,
,,,,,,,
,,,,,,,
,,,,,,,
,,,,,,,
,,,,,,,
,,,,,,,
,,,,,,,
,,,,,,,
,,,,,,,
,,,,,,,
,,,,,,,
,,,,,,,
,,,,,,,
,,,,,,,
,,,,,,,
,,,,,,,
,,,,,,,
,,,,,,,
,,,,,,,
,,,,,,,
,,,,,,,
,,,,,,,
,,,,,,,
,,,,,,,
,,,,,,,
,,,,,,,
,,,,,,,
,,,,,,,
,,,,,,,
,,,,,,,
,,,,,,,
,,,,,,,
,,,,,,,
,,,,,,,
,,,,,,,
,,,,,,,
,,,,,,,
01193500,19.2,48.6,129,249,427,5.9545,1315.49999999999
,,,,,,,
,,,,,,,
,,,,,,,
,,,,,,,
,,,,,,,
01463500,3480,5110,8980,15400,25500,2670,59400
,,,,,,,
,,,,,,,
,,,,,,,
,,,,,,,
01118500,120,217,461,827,1250,56.11,2430
,,,,,,,
,,,,,,,
,,,,,,,
,,,,,,,
,,,,,,,
02089500,528.6,838.5,1650,3720,6630,309,13000
,,,,,,,
,,,,,,,
,,,,,,,
,,,,,,,
,,,,,,,
,,,,,,,
01674500,48,125,316,683,1270,10.546,2960
,,,,,,,
,,,,,,,
,,,,,,,
,,,,,,,
,,,,,,,
02224940,1990,3200,6220,13400,24900,1250,65239.9999999999
,,,,,,,
,,,,,,,
,,,,,,,
,,,,,,,
,,,,,,,
,,,,,,,
,,,,,,,
,,,,,,,
,,,,,,,
,,,,,,,
,,,,,,,
,,,,,,,
,,,,,,,
,,,,,,,
,,,,,,,
,,,,,,,
,,,,,,,
,,,,,,,
,,,,,,,
,,,,,,,
,,,,,,,
,,,,,,,
,,,,,,,
,,,,,,,
,,,,,,,
,,,,,,,
,,,,,,,
,,,,,,,
,,,,,,,
,,,,,,,
,,,,,,,
,,,,,,,
02223000,338,595,1450,3310,6730,248,21454.9999999999
,,,,,,,
,,,,,,,
,,,,,,,
,,,,,,,
,,,,,,,
,,,,,,,
,,,,,,,
,,,,,,,
,,,,,,,
,,,,,,,
,,,,,,,
,,,,,,,
,,,,,,,
,,,,,,,
,,,,,,,
,,,,,,,
,,,,,,,
,,,,,,,
02197500,4780,5410,6780,10200,18700,4200,32800
,,,,,,,
,,,,,,,
,,,,,,,
,,,,,,,
,,,,,,,
,,,,,,,
,,,,,,,
,,,,,,,
,,,,,,,
,,,,,,,
,,,,,,,
,,,,,,,
,,,,,,,
,,,,,,,
,,,,,,,
,,,,,,,
,,,,,,,
,,,,,,,
,,,,,,,
,,,,,,,
,,,,,,,
,,,,,,,
,,,,,,,
01118500,120,217,461,827,1250,56.11,2430
01184000,4940,8100,13500,22600,38600,2750,82700
,,,,,,,
,,,,,,,
,,,,,,,
,,,,,,,
,,,,,,,
,,,,,,,
,,,,,,,
,,,,,,,
01673000,107,190,472,1010,2080,55.4,7595.39999999999
,,,,,,,
02105500,916,1230,2270,5630,12200,549,25500
,,,,,,,
,,,,,,,
,,,,,,,
,,,,,,,
,,,,,,,
,,,,,,,
,,,,,,,
,,,,,,,
,,,,,,,
,,,,,,,
,,,,,,,
,,,,,,,
,,,,,,,
01331095,2800,3580,5730,9050,12000,2040,25653.0000000001
,,,,,,,
,,,,,,,
,,,,,,,
,,,,,,,
,,,,,,,
02244440,-969,-248,405,1120,1970,-3034.6,4854.59999999999
,,,,,,,
,,,,,,,
,,,,,,,
,,,,,,,
,,,,,,,
,,,,,,,
,,,,,,,
,,,,,,,
02105769,982,1390,2650,6580,13800,592.44,25555.9999999999
,,,,,,,
,,,,,,,
,,,,,,,
,,,,,,,
,,,,,,,
,,,,,,,
,,,,,,,
,,,,,,,
,,,,,,,
,,,,,,,
,,,,,,,
,,,,,,,
01327500,2.18,7.73,40.3,65.7,80.8,0.696,110
,,,,,,,
,,,,,,,
,,,,,,,
,,,,,,,
,,,,,,,
,,,,,,,
,,,,,,,
,,,,,,,
,,,,,,,
,,,,,,,
,,,,,,,
,,,,,,,
,,,,,,,
,,,,,,,
,,,,,,,
,,,,,,,
,,,,,,,
02172002,3210,4280,5120,6310,9480,833.2,27600
,,,,,,,
,,,,,,,
,,,,,,,
,,,,,,,
,,,,,,,
,,,,,,,
,,,,,,,
,,,,,,,
,,,,,,,
,,,,,,,
,,,,,,,
,,,,,,,
,,,,,,,
,,,,,,,
,,,,,,,
,,,,,,,
,,,,,,,
,,,,,,,
,,,,,,,
,,,,,,,
,,,,,,,
,,,,,,,
,,,,,,,
,,,,,,,
01335754,3130,4165,6880,11000,16100,2200,32000
,,,,,,,
,,,,,,,
,,,,,,,
,,,,,,,
,,,,,,,
,,,,,,,
02135200,3290,5280,9640,16700,25900,1795.7,70386.0000000001
,,,,,,,
,,,,,,,
,,,,,,,
,,,,,,,
,,,,,,,
,,,,,,,
,,,,,,,
,,,,,,,
,,,,,,,
,,,,,,,
,,,,,,,
,,,,,,,
,,,,,,,
,,,,,,,
,,,,,,,
,,,,,,,
,,,,,,,
,,,,,,,
,,,,,,,
,,,,,,,
,,,,,,,
,,,,,,,
,,,,,,,
,,,,,,,
,,,,,,,
,,,,,,,
,,,,,,,
,,,,,,,
,,,,,,,
,,,,,,,
,,,,,,,
,,,,,,,
,,,,,,,
02084000,258.3,531.75,1310,2850,5927.00000000001,45.315,18200
,,,,,,,
,,,,,,,
,,,,,,,
,,,,,,,
,,,,,,,
,,,,,,,
,,,,,,,
,,,,,,,
,,,,,,,
,,,,,,,
,,,,,,,
,,,,,,,
,,,,,,,
,,,,,,,
,,,,,,,
,,,,,,,
,,,,,,,
,,,,,,,
,,,,,,,
,,,,,,,
,,,,,,,
,,,,,,,
,,,,,,,
,,,,,,,
,,,,,,,
,,,,,,,
,,,,,,,
,,,,,,,
,,,,,,,
,,,,,,,
02135000,442,822,1820,3370,5760,200.57,15200
,,,,,,,
,,,,,,,
,,,,,,,
,,,,,,,
,,,,,,,
,,,,,,,
,,,,,,,
,,,,,,,
,,,,,,,
,,,,,,,
,,,,,,,
,,,,,,,
,,,,,,,
,,,,,,,
,,,,,,,
,,,,,,,
,,,,,,,
,,,,,,,
,,,,,,,
,,,,,,,
01463500,3480,5110,8980,15400,25500,2670,59400
,,,,,,,
,,,,,,,
,,,,,,,
,,,,,,,
,,,,,,,
,,,,,,,
,,,,,,,
,,,,,,,
,,,,,,,
,,,,,,,
,,,,,,,
,,,,,,,
,,,,,,,
,,,,,,,
,,,,,,,
,,,,,,,
,,,,,,,
,,,,,,,
,,,,,,,
,,,,,,,
,,,,,,,
,,,,,,,
,,,,,,,
01304500,17,22.55,31,44.8,61,12,94.9539999999999
,,,,,,,
,,,,,,,
,,,,,,,
,,,,,,,
,,,,,,,
,,,,,,,
,,,,,,,
,,,,,,,
,,,,,,,
,,,,,,,
,,,,,,,
,,,,,,,
02197000,4110,4630,5920,8700,16600,3470,30800
,,,,,,,
,,,,,,,
,,,,,,,
,,,,,,,
,,,,,,,
,,,,,,,
02215500,1280,1850,3230,6190,11000,851,26064.9999999998
,,,,,,,
,,,,,,,
,,,,,,,
,,,,,,,
,,,,,,,
,,,,,,,
,,,,,,,
02196485,1720,2180,2590,2900,3110,1189.6,3450
,,,,,,,
,,,,,,,
,,,,,,,
,,,,,,,
,,,,,,,
,,,,,,,
,,,,,,,
,,,,,,,
,,,,,,,
,,,,,,,
,,,,,,,
,,,,,,,
,,,,,,,
,,,,,,,
02215000,804,1250,2440,4660,8165,511,22950
,,,,,,,
,,,,,,,
,,,,,,,
,,,,,,,
,,,,,,,
,,,,,,,
,,,,,,,
,,,,,,,
,,,,,,,
,,,,,,,
,,,,,,,
,,,,,,,
,,,,,,,
,,,,,,,
,,,,,,,
,,,,,,,
01196500,66,99.3,165,269,453,40.5,1420
,,,,,,,
,,,,,,,
,,,,,,,
,,,,,,,
,,,,,,,
,,,,,,,
,,,,,,,
,,,,,,,
,,,,,,,
,,,,,,,
04247000,433,961,2880,4680,5920,218,8250
,,,,,,,
,,,,,,,
,,,,,,,
,,,,,,,
,,,,,,,
,,,,,,,
,,,,,,,
,,,,,,,
,,,,,,,
04010500,83,137.5,235,521,1200,27,3200
,,,,,,,
,,,,,,,
,,,,,,,
,,,,,,,
,,,,,,,
,,,,,,,
,,,,,,,
04082400,1480,2390,3795,6340,9400,-1160,15400
,,,,,,,
,,,,,,,
,,,,,,,
,,,,,,,
,,,,,,,
,,,,,,,
,,,,,,,
,,,,,,,
,,,,,,,
,,,,,,,
,,,,,,,
,,,,,,,
,,,,,,,
,,,,,,,
,,,,,,,
,,,,,,,
,,,,,,,
,,,,,,,
,,,,,,,
,,,,,,,
,,,,,,,
,,,,,,,
,,,,,,,
,,,,,,,
,,,,,,,
,,,,,,,
,,,,,,,
,,,,,,,
,,,,,,,
,,,,,,,
,,,,,,,
,,,,,,,
,,,,,,,
,,,,,,,
04235600,705.8,1140,2460,5070,6900,349,9834.39999999999
,,,,,,,
,,,,,,,
,,,,,,,
,,,,,,,
,,,,,,,
,,,,,,,
,,,,,,,
,,,,,,,
14174000,4870,5910,9000,15400,28400,3900,59153.9999999999
,,,,,,,
,,,,,,,
,,,,,,,
,,,,,,,
,,,,,,,
,,,,,,,
,,,,,,,
,,,,,,,
,,,,,,,
,,,,,,,
13335050,32.6,38.7,51.6,105,199,24.7,561.52
,,,,,,,
12436500,58600,75000,97600,126000,154000,40000,221000
,,,,,,,
,,,,,,,
,,,,,,,
040851385,1790,2780,4240,6770,10300,605.16,16300
,,,,,,,
,,,,,,,
04247055,1380,2980,6740,10700,14200,660.48,20288
,,,,,,,
,,,,,,,
,,,,,,,
,,,,,,,
,,,,,,,
04240010,49.3,74.75,128,218,349,32.8,870.079999999998
04159130,166000,180000,202000,217000,234000,129000,254000
,,,,,,,
,,,,,,,
,,,,,,,
,,,,,,,
,,,,,,,
,,,,,,,
,,,,,,,
,,,,,,,
,,,,,,,
,,,,,,,
,,,,,,,
,,,,,,,
,,,,,,,
,,,,,,,
,,,,,,,
,,,,,,,
,,,,,,,
04232730,99.41,146,442,1110,1710,49.041,2570
,,,,,,,
04084445,2786,4237.5,5890,8185,11070,1673,14400
14211720,8301,11100,21100,41000,73600,6074.1,147000
,,,,,,,
,,,,,,,
,,,,,,,
,,,,,,,
,,,,,,,
,,,,,,,
,,,,,,,
,,,,,,,
05133500,4880,6930,10200,15450,26900,3420,46200
,,,,,,,
,,,,,,,
,,,,,,,
,,,,,,,
,,,,,,,
,,,,,,,
,,,,,,,
14197900,7080,9150,16500,30900,55500,5800,107030.000000001
,,,,,,,
04157005,1200,1920,3450,6882.5,12900,448,30200
,,,,,,,
,,,,,,,
,,,,,,,
,,,,,,,
,,,,,,,
,,,,,,,
,,,,,,,
,,,,,,,
,,,,,,,
,,,,,,,
,,,,,,,
04249000,1410,2740,6070,10550,14800,780,22100
,,,,,,,
,,,,,,,
,,,,,,,
,,,,,,,
,,,,,,,
,,,,,,,
,,,,,,,
,,,,,,,
,,,,,,,
,,,,,,,
,,,,,,,
,,,,,,,
,,,,,,,
,,,,,,,
,,,,,,,
,,,,,,,
12031000,383,589,2070,5210,10100,264,25500
,,,,,,,
,,,,,,,
14211820,-8.168,47.25,101,162,236,-347.9,584.16
,,,,,,,
,,,,,,,
,,,,,,,
,,,,,,,
,,,,,,,
,,,,,,,
,,,,,,,
14211820,-8.168,47.25,101,162,236,-347.9,584.16
,,,,,,,
,,,,,,,
,,,,,,,
14144700,98000,128000,156000,207000,297000,78000,446000
04165710,173000,186000,211000,226000,247000,136000,267000
,,,,,,,
,,,,,,,
,,,,,,,
,,,,,,,
,,,,,,,
,,,,,,,
,,,,,,,
,,,,,,,
,,,,,,,
,,,,,,,
,,,,,,,
,,,,,,,
,,,,,,,
,,,,,,,
,,,,,,,
04127885,51500,60100,75100,91000,103000,41000,112000
14211820,-8.168,47.25,101,162,236,-347.9,584.16
,,,,,,,
,,,,,,,
,,,,,,,
,,,,,,,
,,,,,,,
,,,,,,,
,,,,,,,
,,,,,,,
,,,,,,,
,,,,,,,
,,,,,,,
,,,,,,,
,,,,,,,
,,,,,,,
,,,,,,,
,,,,,,,
04231600,574,975,1850,4010,7060,288.92,11300
,,,,,,,
,,,,,,,
,,,,,,,
04219000,12,134,226,271,298,0.03,348
,,,,,,,
,,,,,,,
,,,,,,,
,,,,,,,
,,,,,,,
,,,,,,,
,,,,,,,
,,,,,,,
14144700,98000,128000,156000,207000,297000,78000,446000
03049500,4410,7170,15300,28300,45000,2790,76800
,,,,,,,
,,,,,,,
,,,,,,,
,,,,,,,
02437100,460,832,1860,4270,9302.00000000001,189,29900
03213700,154,288,635.5,1360,2470,91.486,7787.09999999999
,,,,,,,
,,,,,,,
,,,,,,,
,,,,,,,
,,,,,,,
,,,,,,,
,,,,,,,
02453500,641,1180,1830,4790,10800,136.46,19100
,,,,,,,
,,,,,,,
,,,,,,,
,,,,,,,
,,,,,,,
,,,,,,,
,,,,,,,
,,,,,,,
,,,,,,,
03144500,1410,2380,4870,10500,18800,813.26,29300
,,,,,,,
,,,,,,,
03284230,530,1120,3155,8560,15800,123.67,41233
,,,,,,,
,,,,,,,
,,,,,,,
05289800,0.282,3.8,21.5,81.3,205,0,372.24
,,,,,,,
,,,,,,,
03282060,382,758,1950,4857.5,10200,125,28500
,,,,,,,
,,,,,,,
,,,,,,,
,,,,,,,
,,,,,,,
,,,,,,,
03309000,377,699,1700,5250,8826,190,19428
,,,,,,,
,,,,,,,
,,,,,,,
14105700,101000,122000,151000,212000,289000,75441,438000
,,,,,,,
,,,,,,,
,,,,,,,
05331000,4240,6400,11600,23400,40050,2550,82300
12039500,553,1170,2140,3410,5740,294,15900
,,,,,,,
,,,,,,,
06807000,21700,31350,38900,51300,70700,15846,134000
,,,,,,,
,,,,,,,
,,,,,,,
,,,,,,,
,,,,,,,
,,,,,,,
,,,,,,,
,,,,,,,
,,,,,,,
02467000,2440,4400,11400,31200,65900,1120,157000
,,,,,,,
,,,,,,,
,,,,,,,
03414000,2070,3610,6455,11600,17600,704,29365
,,,,,,,
,,,,,,,
03072655,1220,2230,5360,11800,21000,594,42453.9999999999
,,,,,,,
07022000,98440,131000,202000,329000,471000,68400,738000
,,,,,,,
,,,,,,,
,,,,,,,
,,,,,,,
,,,,,,,
07057370,2070,3720,6800,13600,18610,770.49,33604.0000000001
,,,,,,,
,,,,,,,
,,,,,,,
05283500,3181,4312.5,6795,12900,22200,1610,36674
,,,,,,,
,,,,,,,
,,,,,,,
02444160,767,1570,3740,9410,22600,446,69489.9999999996
,,,,,,,
,,,,,,,
,,,,,,,
,,,,,,,
,,,,,,,
,,,,,,,
03286500,523.7,1212.5,3780,9277.5,17700,124,48400
,,,,,,,
,,,,,,,
05543500,3920,5350,8220,13100,21600,2070,47053.9999999999
,,,,,,,
,,,,,,,
,,,,,,,
,,,,,,,
,,,,,,,
,,,,,,,
,,,,,,,
,,,,,,,
,,,,,,,
,,,,,,,
07072500,2940,3680,6400,11900,19800,2150,45300
,,,,,,,
,,,,,,,
,,,,,,,
,,,,,,,
,,,,,,,
,,,,,,,
07249455,3010,7752.5,20600,54200,110000,0,172000
,,,,,,,
,,,,,,,
,,,,,,,
,,,,,,,
,,,,,,,
,,,,,,,
,,,,,,,
,,,,,,,
,,,,,,,
,,,,,,,
02479000,1630,2520,5120,12000,25900,935,66513.9999999999
,,,,,,,
15564900,1100,1600,5650,29800,56460,560,109000
,,,,,,,
,,,,,,,
,,,,,,,
,,,,,,,
,,,,,,,
023432415,2610,4060,6730,11600,20200,1250,53590.0000000001
,,,,,,,
,,,,,,,
,,,,,,,
,,,,,,,
,,,,,,,
,,,,,,,
,,,,,,,
,,,,,,,
,,,,,,,
,,,,,,,
,,,,,,,
,,,,,,,
,,,,,,,
,,,,,,,
,,,,,,,
03282290,411,870,2380,5890,11500,101.32,33668
,,,,,,,
,,,,,,,
,,,,,,,
05558300,4930,7172.5,11800,20100,30650,2810,62300
,,,,,,,
,,,,,,,
,,,,,,,
,,,,,,,
,,,,,,,
,,,,,,,
,,,,,,,
,,,,,,,
02469761,3040,5660,14450,37375,80500,1380,160000
,,,,,,,
,,,,,,,
05289800,0.282,3.8,21.5,81.3,205,0,372.24
,,,,,,,
02420000,4995,7000,13800,28500,52600,2402.5,115000
,,,,,,,
,,,,,,,
,,,,,,,
,,,,,,,
05474500,32500,44900,69300,116000,167000,18300,268000
,,,,,,,
12419000,826.7,1740,3290,8090,16000,338.47,27453.0000000001
,,,,,,,
,,,,,,,
,,,,,,,
05344500,7270,10000,17000,30800,50900,4830,103000
,,,,,,,
,,,,,,,
,,,,,,,
03287000,491.8,1160,3350,8760,17500,164,48600
,,,,,,,
02489500,1970,2630,4890,13000,30000,1430,55558
,,,,,,,
05586100,7010,10300,19700,37200,55500,4530,92265
,,,,,,,
,,,,,,,
,,,,,,,
,,,,,,,
,,,,,,,
,,,,,,,
,,,,,,,
,,,,,,,
,,,,,,,
,,,,,,,
,,,,,,,
,,,,,,,
06818000,24300,34300,43000,60000,83500,17600,163559.999999999
,,,,,,,
,,,,,,,
,,,,,,,
,,,,,,,
,,,,,,,
,,,,,,,
,,,,,,,
,,,,,,,
,,,,,,,
,,,,,,,
,,,,,,,
,,,,,,,
,,,,,,,
08067000,1720,10000,17250,28025,41300,1280,71994.0000000001
,,,,,,,
,,,,,,,
,,,,,,,
,,,,,,,
,,,,,,,
03286500,523.7,1212.5,3780,9277.5,17700,124,48400
07074500,7370,10600,19300,30800,47800,4494.6,76053.9999999999
,,,,,,,
,,,,,,,
,,,,,,,
,,,,,,,
,,,,,,,
07381490,90860,128000,219000,335000,437000,61000,602240
,,,,,,,
,,,,,,,
,,,,,,,
,,,,,,,
,,,,,,,
,,,,,,,
,,,,,,,
,,,,,,,
,,,,,,,
,,,,,,,
12422500,1220,2050,3660,8120,15600,606.46,27500
,,,,,,,
,,,,,,,
,,,,,,,
,,,,,,,
,,,,,,,
,,,,,,,
,,,,,,,
03284000,365.6,869,2600,6810,14200,131,41700
02343801,2270,3930,7260,12100,20600,884.4,51700
,,,,,,,
05537980,1760,2270,3140,4680,7010,1200,14000
07165570,793,1940,5060,12900,25500,242.4,61220.0000000001
,,,,,,,
,,,,,,,
,,,,,,,
,,,,,,,
08012000,17.5,51.5,178,803,2520,4.1,6871.19999999999
,,,,,,,
,,,,,,,
,,,,,,,
,,,,,,,
02342881,2710,3760,5930,9810,16400,1429.3,45000
,,,,,,,
05587450,47200,67100,106000,191500,261000,29600,397000
,,,,,,,
,,,,,,,
,,,,,,,
,,,,,,,
,,,,,,,
,,,,,,,
,,,,,,,
,,,,,,,
,,,,,,,
,,,,,,,
,,,,,,,
,,,,,,,
,,,,,,,
,,,,,,,
,,,,,,,
15565447,49000,60000,159000,401000,519000,38000,750000
,,,,,,,
,,,,,,,
02359170,7870,10700,19200,30100,40300,6010,82715.9999999994
02467000,2440,4400,11400,31200,65900,1120,157000
,,,,,,,
,,,,,,,
,,,,,,,
,,,,,,,
,,,,,,,
,,,,,,,
,,,,,,,
,,,,,,,
,,,,,,,
,,,,,,,
,,,,,,,
,,,,,,,
,,,,,,,
,,,,,,,
,,,,,,,
,,,,,,,
07249455,3010,7752.5,20600,54200,110000,0,172000
,,,,,,,
03290080,889.8,1930,4840,12400,24400,289.28,60486
,,,,,,,
,,,,,,,
,,,,,,,
,,,,,,,
,,,,,,,
,,,,,,,
,,,,,,,
,,,,,,,
,,,,,,,
07288955,5110,8400,13600,25200,39600,850.75,67893.9999999999
,,,,,,,
,,,,,,,
15453500,22000,29000,64000,2e+05,283000,17500,487000
,,,,,,,
,,,,,,,
05344490,2560,3200,4670,7490,12100,1809.4,26205.9999999999
,,,,,,,
,,,,,,,
,,,,,,,
,,,,,,,
,,,,,,,
,,,,,,,
,,,,,,,
,,,,,,,
,,,,,,,
,,,,,,,
,,,,,,,
,,,,,,,
,,,,,,,
07288800,4500,6750,10400,17300,25500,-493.76,40058
,,,,,,,
,,,,,,,
,,,,,,,
,,,,,,,
03075070,1420,2500,5890,12900,22700,670,49441
,,,,,,,
,,,,,,,
,,,,,,,
,,,,,,,
,,,,,,,
,,,,,,,
,,,,,,,
,,,,,,,
,,,,,,,
,,,,,,,
03085000,2480,4010,9060,16625,29300,1625.1,60298
,,,,,,,
02465000,479,1700,3965,10400,19500,131,62825.9999999998
,,,,,,,
,,,,,,,
,,,,,,,
,,,,,,,
07341500,2700,4500,9700,21900,42320,1380.4,77824.0000000001
,,,,,,,
,,,,,,,
,,,,,,,
,,,,,,,
,,,,,,,
,,,,,,,
05595000,502,1232.5,3940,7850,13210,213,25151
07061000,3010,5050,9570,18200,25400,1290,48715.9999999996
,,,,,,,
07263451,0,3770,13400,23400,31000,0,37900
,,,,,,,
,,,,,,,
,,,,,,,
,,,,,,,
,,,,,,,
03062500,8.407,22.1,67.4,147,284,2.91,749.26
02469761,3040,5660,14450,37375,80500,1380,160000
,,,,,,,
,,,,,,,
,,,,,,,
,,,,,,,
,,,,,,,
,,,,,,,
,,,,,,,
,,,,,,,
,,,,,,,
,,,,,,,
,,,,,,,
,,,,,,,
,,,,,,,
,,,,,,,
,,,,,,,
,,,,,,,
,,,,,,,
,,,,,,,
,,,,,,,
,,,,,,,
,,,,,,,
03290500,642,1560,4520,11300,21700,180,55534
,,,,,,,
,,,,,,,
,,,,,,,
,,,,,,,
03198000,3300,5170,10500,20500,35200,2330,80260
,,,,,,,
,,,,,,,
,,,,,,,
,,,,,,,
,,,,,,,
,,,,,,,
,,,,,,,
,,,,,,,
,,,,,,,
,,,,,,,
03036500,3660,5850,12000,23000,36500,2530,64353.9999999999
,,,,,,,
,,,,,,,
,,,,,,,
,,,,,,,
,,,,,,,
,,,,,,,
,,,,,,,
,,,,,,,
,,,,,,,
05536890,1400,1740,2360,3277.5,4570,917.97,9601.49999999999
,,,,,,,
,,,,,,,
,,,,,,,
,,,,,,,
,,,,,,,
,,,,,,,
,,,,,,,
07367005,1890,4020,15100,38400,55600,736.77,76389
,,,,,,,
,,,,,,,
,,,,,,,
,,,,,,,
,,,,,,,
,,,,,,,
,,,,,,,
,,,,,,,
03282120,379,825,2190,5510,11000,116,31600
02428400,6290,8950,17100,39400,75840,3750,138000
07249455,3010,7752.5,20600,54200,110000,0,172000
,,,,,,,
12200500,7920,10500,14500,19700,26400,5480,50807.9999999998
,,,,,,,
,,,,,,,
,,,,,,,
,,,,,,,
,,,,,,,
,,,,,,,
,,,,,,,
,,,,,,,
,,,,,,,
,,,,,,,
,,,,,,,
,,,,,,,
,,,,,,,
,,,,,,,
,,,,,,,
,,,,,,,
,,,,,,,
,,,,,,,
,,,,,,,
,,,,,,,
,,,,,,,
,,,,,,,
,,,,,,,
06895500,28200,39000,50500,76000,112000,19800,209000
,,,,,,,
,,,,,,,
,,,,,,,
,,,,,,,
,,,,,,,
,,,,,,,
,,,,,,,
,,,,,,,
,,,,,,,
,,,,,,,
,,,,,,,
,,,,,,,
,,,,,,,
,,,,,,,
,,,,,,,
,,,,,,,
,,,,,,,
,,,,,,,
,,,,,,,
,,,,,,,
,,,,,,,
,,,,,,,
,,,,,,,
,,,,,,,
07031650,280,363,540,957,2100,213,7605.40000000001
,,,,,,,
07077000,9090,12900,25350,40175,56800,5500,93668
,,,,,,,
,,,,,,,
,,,,,,,
,,,,,,,
,,,,,,,
,,,,,,,
15493700,170,410,1010,1820,3080,88,7120
07010000,90500,121500,185000,302000,432000,64000,683539.999999999
,,,,,,,
03085000,2480,4010,9060,16625,29300,1625.1,60298
,,,,,,,
,,,,,,,
,,,,,,,
,,,,,,,
,,,,,,,
,,,,,,,
,,,,,,,
07194500,1720,4150,12300,33100,67600,300,127000
,,,,,,,
,,,,,,,
,,,,,,,
,,,,,,,
,,,,,,,
,,,,,,,
,,,,,,,
03320000,1320,2900,7200,16500,28600,478.36,47600
,,,,,,,
,,,,,,,
07362000,1150,2030,4230,10600,21500,569.68,56408
,,,,,,,
,,,,,,,
05420460,6100,7940,11400,18200,27200,3960,46596.9999999999
,,,,,,,
03290500,642,1560,4520,11300,21700,180,55534
,,,,,,,
,,,,,,,
,,,,,,,
,,,,,,,
,,,,,,,
,,,,,,,
,,,,,,,
,,,,,,,
03075070,1420,2500,5890,12900,22700,670,49441
,,,,,,,
,,,,,,,
,,,,,,,
,,,,,,,
,,,,,,,
,,,,,,,
,,,,,,,
,,,,,,,
,,,,,,,
,,,,,,,
,,,,,,,
,,,,,,,
,,,,,,,
,,,,,,,
,,,,,,,
,,,,,,,
,,,,,,,
,,,,,,,
,,,,,,,
,,,,,,,
,,,,,,,
,,,,,,,
,,,,,,,
07385700,213,277,360,549,852,115.21,1620
,,,,,,,
,,,,,,,
,,,,,,,
,,,,,,,
,,,,,,,
,,,,,,,
,,,,,,,
,,,,,,,
,,,,,,,
,,,,,,,
07176000,62.56,128,1010,6970,14600,26.3,31253.9999999999
,,,,,,,
,,,,,,,
02465000,479,1700,3965,10400,19500,131,62825.9999999998
,,,,,,,
,,,,,,,
,,,,,,,
,,,,,,,
,,,,,,,
,,,,,,,
,,,,,,,
03254693,0.28,0.52,1.32,3.37,10.7,0.04,76.649
,,,,,,,
,,,,,,,
,,,,,,,
,,,,,,,
,,,,,,,
,,,,,,,
02358000,6280,9350,14500,24100,41700,5050,88015.9999999996
,,,,,,,
,,,,,,,
,,,,,,,
,,,,,,,
,,,,,,,
,,,,,,,
,,,,,,,
,,,,,,,
,,,,,,,
03212750,46.65,73.275,142,267,436,32.8,1190.49999999999
,,,,,,,
,,,,,,,
,,,,,,,
,,,,,,,
,,,,,,,
03282060,382,758,1950,4857.5,10200,125,28500
,,,,,,,
,,,,,,,
,,,,,,,
,,,,,,,
,,,,,,,
,,,,,,,
,,,,,,,
,,,,,,,
,,,,,,,
,,,,,,,
07374000,225000,320000,506500,732250,971000,155000,1320000
,,,,,,,
,,,,,,,
02466030,1029,2455,5585,14775,28410,691.38,53393
,,,,,,,
,,,,,,,
,,,,,,,
03284500,399,1080,3220,8040,16400,23.1,44200
,,,,,,,
,,,,,,,
,,,,,,,
,,,,,,,
,,,,,,,
05474500,32500,44900,69300,116000,167000,18300,268000
,,,,,,,
,,,,,,,
,,,,,,,
,,,,,,,
,,,,,,,
,,,,,,,
05378500,13000,17900,28400,48700,72600,8820,137000
,,,,,,,
,,,,,,,
,,,,,,,
,,,,,,,
03282000,300,634,1700,4480,9751,105,30100
,,,,,,,
,,,,,,,
,,,,,,,
,,,,,,,
,,,,,,,
,,,,,,,
,,,,,,,
,,,,,,,
,,,,,,,
,,,,,,,
,,,,,,,
,,,,,,,
,,,,,,,
,,,,,,,
03036500,3660,5850,12000,23000,36500,2530,64353.9999999999
05331580,4850,6890,12400,25300,42800,3250,95137.0000000001
,,,,,,,
,,,,,,,
,,,,,,,
,,,,,,,
,,,,,,,
06813500,23100,33000,40900,56200,77200,16946,149000
,,,,,,,
,,,,,,,
,,,,,,,
,,,,,,,
,,,,,,,
03287500,505,1240,3720,9390,18500,162.37,50725.9999999998
,,,,,,,
,,,,,,,
07020500,94400,126000,194000,316000,449000,66000,710539.999999999
,,,,,,,
,,,,,,,
03072655,1220,2230,5360,11800,21000,594,42453.9999999999
14246900,120000,153000,205000,289000,379000,87400,555000
,,,,,,,
06601200,15000,21600,29400,35300,54500,10900,101840
07374525,235400,331000,519000,747000,981000,142000,1170000
,,,,,,,
,,,,,,,
,,,,,,,
,,,,,,,
15024800,7600,11100,32500,97900,134000,5400,195539.999999999
,,,,,,,
,,,,,,,
,,,,,,,
,,,,,,,
,,,,,,,
03316500,1190,2520,5800,13650,22000,486.66,42700
,,,,,,,
07250551,5,4515,12100,20500,25200,0,28800
,,,,,,,
,,,,,,,
,,,,,,,
,,,,,,,
,,,,,,,
06934500,39200,48700,73200,120000,182000,24938,322000
07263451,0,3770,13400,23400,31000,0,37900
,,,,,,,
,,,,,,,
,,,,,,,
,,,,,,,
,,,,,,,
,,,,,,,
,,,,,,,
,,,,,,,
,,,,,,,
,,,,,,,
14144700,98000,128000,156000,207000,297000,78000,446000
,,,,,,,
03049500,4410,7170,15300,28300,45000,2790,76800
,,,,,,,
,,,,,,,
,,,,,,,
,,,,,,,
,,,,,,,
,,,,,,,
05568500,5630,7770,13800,24900,35800,3290,62000
,,,,,,,
,,,,,,,
,,,,,,,
,,,,,,,
,,,,,,,
05330000,665,1400,3700,9480,18700,255,46688.0000000001
,,,,,,,
,,,,,,,
,,,,,,,
,,,,,,,
15304000,11000,14000,32750,65600,90600,9000,150000
,,,,,,,
,,,,,,,
,,,,,,,
,,,,,,,
,,,,,,,
,,,,,,,
03025500,2640,3850,8230,16000,25300,1920,42253.9999999999
,,,,,,,
,,,,,,,
,,,,,,,
,,,,,,,
,,,,,,,
,,,,,,,
03293510,-3.96,12.7,34.3,74.1,191.400000000001,-21.628,1152.80000000001
03216600,16000,27400,61050,122000,198000,8330,367000
,,,,,,,
15515500,6800,7600,14000,41600,60260,5800,80055.9999999999
,,,,,,,
,,,,,,,
,,,,,,,
,,,,,,,
07289000,300900,422000,665000,978000,1270000,2e+05,1810000
,,,,,,,
,,,,,,,
,,,,,,,
,,,,,,,
,,,,,,,
11390500,4470,5540,7310,10850,22200,3220,28700
,,,,,,,
,,,,,,,
03086000,7736,12800,26300,49500,75800,4649.2,135539.999999999
,,,,,,,
,,,,,,,
,,,,,,,
,,,,,,,
,,,,,,,
,,,,,,,
,,,,,,,
,,,,,,,
,,,,,,,
11389500,4726,5980,7940,11200,23300,3520,44500
,,,,,,,
,,,,,,,
,,,,,,,
03303280,23700,44900,98850,193000,293000,8060.5,519590
,,,,,,,
,,,,,,,
,,,,,,,
08015500,286.9,440,923,2580,5681,146.49,22151
,,,,,,,
,,,,,,,
,,,,,,,
07381000,112,164,221,355,444,54,610.059999999999
,,,,,,,
,,,,,,,
,,,,,,,
,,,,,,,
,,,,,,,
,,,,,,,
,,,,,,,
,,,,,,,
,,,,,,,
,,,,,,,
,,,,,,,
,,,,,,,
,,,,,,,
,,,,,,,
03612600,96400,142000,257000,464000,693000,57000,1080000
,,,,,,,
,,,,,,,
,,,,,,,
12150800,2050,3940,7590,12100,18100,1220,43953.9999999999
,,,,,,,
,,,,,,,
,,,,,,,
,,,,,,,
,,,,,,,
03431790,6789,10200,16850,36700,53700,3820,92391
,,,,,,,
,,,,,,,
,,,,,,,
,,,,,,,
,,,,,,,
,,,,,,,
03612600,96400,142000,257000,464000,693000,57000,1080000
,,,,,,,
,,,,,,,
03260015,0.282,0.85,2.32,6.42,19,0.01,96.8
,,,,,,,
,,,,,,,
,,,,,,,
,,,,,,,
,,,,,,,
02366500,2040,2880,4560,7700,12800,1340,33161.9999999999
,,,,,,,
,,,,,,,
,,,,,,,
03303280,23700,44900,98850,193000,293000,8060.5,519590
,,,,,,,
,,,,,,,
,,,,,,,
,,,,,,,
,,,,,,,
,,,,,,,
,,,,,,,
,,,,,,,
,,,,,,,
,,,,,,,
,,,,,,,
,,,,,,,
,,,,,,,
,,,,,,,
,,,,,,,
,,,,,,,
,,,,,,,
,,,,,,,
,,,,,,,
,,,,,,,
,,,,,,,
,,,,,,,
03216600,16000,27400,61050,122000,198000,8330,367000
,,,,,,,
,,,,,,,
,,,,,,,
,,,,,,,
03399800,34400,66300,150000,293500,455000,13422,742560.000000001
,,,,,,,
,,,,,,,
03086000,7736,12800,26300,49500,75800,4649.2,135539.999999999
,,,,,,,
,,,,,,,
,,,,,,,
,,,,,,,
,,,,,,,
,,,,,,,
,,,,,,,
,,,,,,,
,,,,,,,
,,,,,,,
,,,,,,,
,,,,,,,
,,,,,,,
,,,,,,,
,,,,,,,
,,,,,,,
03294500,21300,40300,88600,183000,296000,9500,495000
,,,,,,,
03431500,5710,8790,15300,33500,50480,2700,86900
,,,,,,,
,,,,,,,
,,,,,,,
,,,,,,,
,,,,,,,
,,,,,,,
07381000,112,164,221,355,444,54,610.059999999999
,,,,,,,
,,,,,,,
,,,,,,,
,,,,,,,
,,,,,,,
,,,,,,,
,,,,,,,
,,,,,,,
,,,,,,,
,,,,,,,
,,,,,,,
,,,,,,,
,,,,,,,
,,,,,,,
11425500,7540,9790,13400,19800,41500,5444.4,70055.9999999999
,,,,,,,
,,,,,,,
,,,,,,,
,,,,,,,
,,,,,,,
,,,,,,,
,,,,,,,
,,,,,,,
,,,,,,,
,,,,,,,
,,,,,,,
02080500,2130,2730,5850,10700,19400,1220,34355.9999999999
,,,,,,,
,,,,,,,
07032000,231000,330000,503500,766250,1060000,139000,1490000
,,,,,,,
,,,,,,,
,,,,,,,
,,,,,,,
,,,,,,,
03294500,21300,40300,88600,183000,296000,9500,495000
03277200,19400,36000,81750,163000,260000,8500,448000
,,,,,,,
,,,,,,,
,,,,,,,
,,,,,,,
,,,,,,,
,,,,,,,
,,,,,,,
03238140,0.22,0.59,1.595,4.0125,12.3,0.04,77.6560000000001
,,,,,,,
,,,,,,,
,,,,,,,
,,,,,,,
,,,,,,,
,,,,,,,
15744500,1700,2400,6230,21000,43600,1100,106000
,,,,,,,
,,,,,,,
08078000,3.94,9.5,20.4,54.2,199.4,0.5946,1880
